blank399x600,399,600,
clear,800,600,
ADVジゼル_えー！,768,788,
ADVジゼル_こわばり,768,788,
ADVジゼル_じと目,768,788,
ADVジゼル_じと目怒り,768,788,
ADVジゼル_じと目拗ね,768,788,
ADVジゼル_とろん,768,788,
ADVジゼル_にんまり,768,788,
ADVジゼル_ふにゃり,768,788,
ADVジゼル_ふふーん,768,788,
ADVジゼル_ゆるい笑み,768,788,
ADVジゼル_ん？,768,788,
ADVジゼル_ウインク,768,788,
ADVジゼル_不満,768,788,
ADVジゼル_俯き不穏,725,788,
ADVジゼル_俯き伺う,725,788,
ADVジゼル_俯き叫び,725,788,
ADVジゼル_俯き困り笑い,725,788,
ADVジゼル_俯き眉間ぎゅ,725,788,
ADVジゼル_俯き笑顔,725,788,
ADVジゼル_俯き苦痛,725,788,
ADVジゼル_動揺,768,788,
ADVジゼル_喜び,768,788,
ADVジゼル_困惑,768,788,
ADVジゼル_大喜び,768,788,
ADVジゼル_微笑,768,788,
ADVジゼル_怒り,768,788,
ADVジゼル_怒り動揺,768,788,
ADVジゼル_思案,768,788,
ADVジゼル_悲しみ,768,788,
ADVジゼル_悲しみ重め,768,788,
ADVジゼル_普通,768,788,
ADVジゼル_沈痛,768,788,
ADVジゼル_泳ぎ目,768,788,
ADVジゼル_照れ,768,788,
ADVジゼル_驚き,768,788,
ADVミシェル_うへえ,1024,876,
ADVミシェル_うへえ開口,1024,876,
ADVミシェル_げえっ,1024,876,
ADVミシェル_げんなり,1024,876,
ADVミシェル_はあ,1024,876,
ADVミシェル_むっ,1024,876,
ADVミシェル_わるいかお,1024,876,
ADVミシェル_俯きこらえる,1024,835,
ADVミシェル_俯きこらえる開,1024,835,
ADVミシェル_俯きちら見,1024,835,
ADVミシェル_俯き叫び,1024,835,
ADVミシェル_俯き弱り,1024,835,
ADVミシェル_俯き沈痛,1024,835,
ADVミシェル_俯き痛み,1024,835,
ADVミシェル_俯き絶望,1024,835,
ADVミシェル_俯き苦痛,1024,835,
ADVミシェル_俯き逸らし,1024,835,
ADVミシェル_動揺,1024,876,
ADVミシェル_叫び,1024,876,
ADVミシェル_呆れ,1024,876,
ADVミシェル_困り,1024,876,
ADVミシェル_困惑,1024,876,
ADVミシェル_嫌気,1024,876,
ADVミシェル_怒り,1024,876,
ADVミシェル_悲しみ,1024,876,
ADVミシェル_普通,1024,876,
ADVミシェル_横目,1024,876,
ADVミシェル_真剣,1024,876,
ADVミシェル_真剣瞑目,1024,876,
ADVミシェル_瞑目,1024,876,
ADVミシェル_笑顔,1024,876,
ADVミシェル_笑顔瞑目,1024,876,
ADVミシェル_笑顔開口,1024,876,
ADVミシェル_苦悩,1024,876,
ADVミシェル_薄目,1024,876,
ADVミシェル_驚き,1024,876,
vitaジゼル_2普通,1441,2769,
vitaジゼル_2普通大,2457,2400,
vitaジゼル_えー！,1441,2769,
vitaジゼル_えー！大,2457,2400,
vitaジゼル_ジト目,1441,2769,
vitaジゼル_ジト目大,2457,2400,
vitaジゼル_困惑,1441,2769,
vitaジゼル_困惑大,2457,2400,
vitaジゼル_得意げ,1441,2769,
vitaジゼル_得意げ大,2457,2400,
vitaジゼル_怒り,1441,2769,
vitaジゼル_怒り大,2457,2400,
vitaジゼル_怪訝,1441,2769,
vitaジゼル_怪訝大,2457,2400,
vitaジゼル_悲しみ,1441,2769,
vitaジゼル_悲しみ大,2457,2400,
vitaジゼル_普通,1441,2769,
vitaジゼル_普通大,2457,2400,
vitaジゼル_真剣,1441,2769,
vitaジゼル_真剣大,2457,2400,
vitaジゼル_真顔,1441,2769,
vitaジゼル_真顔大,2457,2400,
vitaジゼル_笑顔ウィンク,1441,2769,
vitaジゼル_笑顔ウィンク大,2457,2400,
vitaジゼル_笑顔開口,1441,2769,
vitaジゼル_笑顔開口大,2457,2400,
vitaジゼル_苦笑,1441,2769,
vitaジゼル_苦笑大,2457,2400,
vitaジゼル_赤面,1441,2769,
vitaジゼル_赤面大,2457,2400,
vitaジゼル_驚き,1441,2769,
vitaジゼル_驚き大,2457,2400,
vitaネリー_2普通,966,2395,
vitaネリー_2普通大,1681,2400,
vitaネリー_不安,966,2394,
vitaネリー_不安大,1681,2400,
vitaネリー_呆れ,966,2394,
vitaネリー_呆れ大,1681,2400,
vitaネリー_得意げ,966,2394,
vitaネリー_得意げ大,1681,2400,
vitaネリー_怒り,966,2395,
vitaネリー_怒り大,1681,2400,
vitaネリー_悲しい笑み,966,2394,
vitaネリー_悲しみ,966,2394,
vitaネリー_悲しみ2（強め）,966,2394,
vitaネリー_悲しみ2（強め）大,1681,2400,
vitaネリー_悲しみ大,1681,2400,
vitaネリー_惚け,966,2394,
vitaネリー_惚け大,1681,2400,
vitaネリー_拗ねる（半目）,966,2394,
vitaネリー_拗ねる（半目）大,1681,2400,
vitaネリー_普通,966,2395,
vitaネリー_普通大,1681,2400,
vitaネリー_笑顔,966,2394,
vitaネリー_笑顔大,1681,2400,
vitaネリー_苦笑,966,2395,
vitaネリー_苦笑大,1681,2400,
vitaネリー_諦念,966,2394,
vitaネリー_赤面,966,2395,
vitaネリー_赤面大,1681,2400,
vitaネリー_驚き,966,2394,
vitaネリー_驚き大,1681,2400,
vitaポーリーン_むっとする,1341,2899,
vitaポーリーン_むっとする大,2295,2400,
vitaポーリーン_ショック,1341,2899,
vitaポーリーン_ショック大,2295,2400,
vitaポーリーン_全身用,468,1012,
vitaポーリーン_困り,1341,2899,
vitaポーリーン_困り大,2295,2400,
vitaポーリーン_得意げ,1341,2899,
vitaポーリーン_得意げ大,2295,2400,
vitaポーリーン_微苦笑,1341,2899,
vitaポーリーン_微苦笑大,2295,2400,
vitaポーリーン_怒り,1341,2899,
vitaポーリーン_怒り大,2295,2400,
vitaポーリーン_悲しみ,1341,2899,
vitaポーリーン_悲しみ大,2295,2400,
vitaポーリーン_戸惑い,1341,2899,
vitaポーリーン_戸惑い大,2295,2400,
vitaポーリーン_普通,1341,2899,
vitaポーリーン_普通大,2295,2400,
vitaポーリーン_楽,1341,2899,
vitaポーリーン_楽大,2295,2400,
vitaポーリーン_笑顔開口,1341,2899,
vitaポーリーン_笑顔開口大,2295,2400,
vitaポーリーン_赤面,1341,2899,
vitaポーリーン_赤面大,2295,2400,
vitaポーリーン_驚き,1341,2899,
vitaポーリーン_驚き大,2295,2400,
vitaマリーア_2普通,759,2791,
vitaマリーア_2普通大,1254,2400,
vitaマリーア_むっとする,759,2791,
vitaマリーア_むっとする大,1254,2400,
vitaマリーア_ウィンク,759,2791,
vitaマリーア_ウィンク大,1254,2400,
vitaマリーア_不安,759,2791,
vitaマリーア_不安大,1254,2400,
vitaマリーア_大喜び,759,2791,
vitaマリーア_大喜び大,1254,2400,
vitaマリーア_得意げ,759,2791,
vitaマリーア_得意げ大,1254,2400,
vitaマリーア_怒り開口,759,2791,
vitaマリーア_怒り開口大,1254,2400,
vitaマリーア_悲しみ,759,2791,
vitaマリーア_悲しみ大,1254,2400,
vitaマリーア_普通,759,2791,
vitaマリーア_普通大,1254,2400,
vitaマリーア_真顔,759,2791,
vitaマリーア_笑顔,759,2791,
vitaマリーア_笑顔大,1254,2400,
vitaマリーア_苦笑,759,2791,
vitaマリーア_苦笑大,1254,2400,
vitaマリーア_蔑視,759,2791,
vitaマリーア_蔑視大,1254,2400,
vitaマリーア_驚き,759,2791,
vitaマリーア_驚き大,1254,2400,
vitaミシェル_うへえ開口（視線そらし）,1059,3109,
vitaミシェル_うへえ開口（視線そらし）大,1767,2400,
vitaミシェル_不安,1059,3109,
vitaミシェル_困惑,1059,3109,
vitaミシェル_困惑大,1767,2400,
vitaミシェル_引きつり笑顔,1059,3109,
vitaミシェル_引きつり笑顔大,1767,2400,
vitaミシェル_微苦笑,1059,3109,
vitaミシェル_微苦笑大,1767,2400,
vitaミシェル_怒り開口,1059,3109,
vitaミシェル_怒り開口大,1767,2400,
vitaミシェル_思案,1059,3109,
vitaミシェル_思案大,1767,2400,
vitaミシェル_悲しみ,1059,3109,
vitaミシェル_悲しみ大,1767,2400,
vitaミシェル_戸惑い,1059,3109,
vitaミシェル_戸惑い大,1767,2400,
vitaミシェル_普通,1059,3109,
vitaミシェル_普通大,1767,2400,
vitaミシェル_笑顔幸せ,1059,3109,
vitaミシェル_笑顔幸せ大,1767,2400,
vitaミシェル_驚き,1059,3109,
vitaミシェル_驚き大,1767,2400,
vitaメル_2普通,693,2723,
vitaメル_2普通大,1188,2400,
vitaメル_半目,693,2723,
vitaメル_半目大,1188,2400,
vitaメル_困り,693,2723,
vitaメル_困り大,1188,2400,
vitaメル_困り笑い,693,2723,
vitaメル_困り笑い大,1188,2400,
vitaメル_怒り,693,2723,
vitaメル_怒り大,1188,2400,
vitaメル_悲しみ,693,2723,
vitaメル_悲しみ大,1188,2400,
vitaメル_普通,693,2723,
vitaメル_普通大,1188,2400,
vitaメル_皮肉,693,2723,
vitaメル_真剣,693,2723,
vitaメル_真剣大,1188,2400,
vitaメル_笑顔,693,2723,
vitaメル_笑顔大,1188,2400,
vitaメル_苦痛,693,2723,
vitaメル_苦痛大,1188,2400,
vitaメル_警戒,693,2723,
vitaメル_警戒大,1188,2400,
vitaメル_驚き,693,2723,
vitaメル_驚き大,1188,2400,
vitaモルガーナ_にやり,855,2418,
vitaモルガーナ_にやり大,1518,2400,
vitaモルガーナ_ふてくされ,855,2418,
vitaモルガーナ_ふてくされ大,1518,2400,
vitaモルガーナ_カット,1400,2160,
vitaモルガーナ_叫び,855,2418,
vitaモルガーナ_叫び2,855,2418,
vitaモルガーナ_叫び2大,1518,2400,
vitaモルガーナ_叫び大,1518,2400,
vitaモルガーナ_困惑,855,2418,
vitaモルガーナ_困惑大,1518,2400,
vitaモルガーナ_堪える,855,2418,
vitaモルガーナ_堪える大,1518,2400,
vitaモルガーナ_強い思案,855,2418,
vitaモルガーナ_強い思案大,1518,2400,
vitaモルガーナ_強い悲しみ,855,2418,
vitaモルガーナ_強い悲しみ大,1518,2400,
vitaモルガーナ_微笑み,855,2418,
vitaモルガーナ_微笑み大,1518,2400,
vitaモルガーナ_怒り,855,2418,
vitaモルガーナ_怒り大,1518,2400,
vitaモルガーナ_怪訝,855,2418,
vitaモルガーナ_怪訝大,1518,2400,
vitaモルガーナ_悲しみ,855,2418,
vitaモルガーナ_悲しみ大,1518,2400,
vitaモルガーナ_普通,855,2418,
vitaモルガーナ_普通大,1518,2400,
vitaモルガーナ_楽,855,2418,
vitaモルガーナ_楽大,1518,2400,
vitaモルガーナ_生気なし,855,2418,
vitaモルガーナ_生気なし大,1518,2400,
vitaモルガーナ_赤面,855,2418,
vitaモルガーナ_赤面大,1518,2400,
vitaモルガーナ_驚き,855,2418,
vitaモルガーナ_驚き大,1518,2400,
vitaモルガーナ02_にやり,740,2417,
vitaモルガーナ02_にやり大,1314,2400,
vitaモルガーナ02_ふてくされ,740,2417,
vitaモルガーナ02_ふてくされ大,1314,2400,
vitaモルガーナ02_叫び,740,2417,
vitaモルガーナ02_叫び2,740,2417,
vitaモルガーナ02_叫び2大,1314,2400,
vitaモルガーナ02_叫び大,1314,2400,
vitaモルガーナ02_困惑,740,2417,
vitaモルガーナ02_困惑大,1314,2400,
vitaモルガーナ02_強い思案,740,2417,
vitaモルガーナ02_強い思案大,1314,2400,
vitaモルガーナ02_微笑み,740,2417,
vitaモルガーナ02_微笑み大,1314,2400,
vitaモルガーナ02_怒り,740,2417,
vitaモルガーナ02_怒り大,1314,2400,
vitaモルガーナ02_怪訝,740,2417,
vitaモルガーナ02_怪訝大,1314,2400,
vitaモルガーナ02_悲しみ,740,2417,
vitaモルガーナ02_悲しみ大,1314,2400,
vitaモルガーナ02_普通,740,2417,
vitaモルガーナ02_普通大,1314,2400,
vitaモルガーナ02_楽,740,2417,
vitaモルガーナ02_楽大,1314,2400,
vitaモルガーナ02_赤面,855,2418,
vitaモルガーナ02_驚き,740,2417,
vitaモルガーナ02_驚き大,1314,2400,
vitaヤコポ_2普通,861,3026,
vitaヤコポ_2普通大,1449,2400,
vitaヤコポ_うったえ,861,3026,
vitaヤコポ_うったえ大,1449,2400,
vitaヤコポ_呆れ,861,3026,
vitaヤコポ_呆れ大,1449,2400,
vitaヤコポ_嘲笑,861,3026,
vitaヤコポ_嘲笑大,1449,2400,
vitaヤコポ_嘲笑弱め,861,3026,
vitaヤコポ_嘲笑弱め大,1449,2400,
vitaヤコポ_困惑,861,3026,
vitaヤコポ_困惑大,1449,2400,
vitaヤコポ_怒り開口,861,3026,
vitaヤコポ_怒り開口大,1449,2400,
vitaヤコポ_思惟,861,3026,
vitaヤコポ_思惟大,1449,2400,
vitaヤコポ_悲しみ,861,3026,
vitaヤコポ_悲しみ大,1449,2400,
vitaヤコポ_普通,861,3026,
vitaヤコポ_普通大,1449,2400,
vitaヤコポ_普通笑顔,861,3026,
vitaヤコポ_普通笑顔大,1449,2400,
vitaヤコポ_沈黙,861,3026,
vitaヤコポ_沈黙大,1449,2400,
vitaヤコポ_笑顔,861,3026,
vitaヤコポ_笑顔切なげ,861,3026,
vitaヤコポ_笑顔切なげ大,1449,2400,
vitaヤコポ_笑顔大,1449,2400,
vitaヤコポ_苛立ち,861,3026,
vitaヤコポ_苛立ち大,1449,2400,
vitaヤコポ_苛立ち横目,861,3026,
vitaヤコポ_苛立ち横目大,1449,2400,
vitaヤコポ_驚き,861,3026,
vitaヤコポ_驚き大,1449,2400,
vitaユキマサ_2普通,888,3172,
vitaユキマサ_2普通大,1536,2400,
vitaユキマサ_叫び,888,3172,
vitaユキマサ_叫び大,1536,2400,
vitaユキマサ_威嚇,888,3172,
vitaユキマサ_威嚇大,1536,2400,
vitaユキマサ_怒り,888,3172,
vitaユキマサ_怒り大,1536,2400,
vitaユキマサ_悪党の笑み,888,3172,
vitaユキマサ_悪党の笑み大,1536,2400,
vitaユキマサ_悲しみ,888,3172,
vitaユキマサ_悲しみ大,1536,2400,
vitaユキマサ_普通,888,3172,
vitaユキマサ_普通大,1536,2400,
vitaユキマサ_横目,888,3172,
vitaユキマサ_横目大,1536,2400,
vitaユキマサ_真顔,888,3172,
vitaユキマサ_真顔大,1536,2400,
vitaユキマサ_笑顔,888,3172,
vitaユキマサ_笑顔大,1536,2400,
vitaユキマサ_笑顔瞑目,888,3172,
vitaユキマサ_笑顔瞑目大,1536,2400,
vitaユキマサ_苦悩,888,3172,
vitaユキマサ_苦悩大,1536,2400,
vitaユキマサ_驚愕,888,3172,
vitaユキマサ_驚愕大,1536,2400,
イメオン_体,1400,2000,
イメオン_微笑,1400,2000,
イメオン_怪訝,1400,2000,
イメオン_流し目右,1400,2000,
イメオン_流し目左,1400,2000,
イメオン_瞑目,1400,2000,
イメオン_細目,1400,2000,
エメ_そうねえ,1440,2160,
エメ_なあに,1440,2160,
エメ_まあっ,1440,2160,
エメ_体,1440,2160,
エメ_呆れ,1440,2160,
エメ_喜び,1440,2160,
エメ_困惑,1440,2160,
エメ_大喜び,1440,2160,
エメ_嫌悪,1440,2160,
エメ_微笑み,1440,2160,
エメ_微笑み開口,1440,2160,
エメ_微苦笑,1440,2160,
エメ_恐慌,1440,2160,
エメ_恐慌2,1440,2160,
エメ_悲しみ,1440,2160,
エメ_戸惑い,1440,2160,
エメ_普通,1440,2160,
エメ_苦笑,1440,2160,
オディロン_不満両目,1685,2060,
オディロン_不満両目大,2060,2100,
オディロン_両目,1685,2060,
オディロン_両目大,2060,2100,
オディロン_体,1685,2060,
オディロン_体大,2060,2100,
オディロン_弱気両目,1685,2060,
オディロン_弱気両目大,2060,2100,
オディロン_微笑,1685,2060,
オディロン_微笑大,2060,2100,
オディロン_怒り,1685,2060,
オディロン_怒り両目,1685,2060,
オディロン_怒り両目大,2060,2100,
オディロン_怒り大,2060,2100,
オディロン_怒り開口,1685,2060,
オディロン_怒り開口大,2060,2100,
オディロン_思案両目,1685,2060,
オディロン_思案両目大,2060,2100,
オディロン_普通,1685,2060,
オディロン_普通大,2060,2100,
オディロン_沈痛,1685,2060,
オディロン_沈痛大,2060,2100,
オディロン_瞑目,1685,2060,
オディロン_瞑目大,2060,2100,
オディロン_笑顔,1685,2060,
オディロン_笑顔両目,1685,2060,
オディロン_笑顔両目大,2060,2100,
オディロン_笑顔大,2060,2100,
グラシアン_いらつき,1900,2426,
グラシアン_いらつき伏し目,1900,2426,
グラシアン_いらつき伏し目大,2400,2400,
グラシアン_いらつき大,2400,2400,
グラシアン_ガハハ,1900,2426,
グラシアン_ガハハ大,2400,2400,
グラシアン_ガハハ開眼,1900,2426,
グラシアン_ガハハ開眼大,2400,2400,
グラシアン_キレ笑い,1900,2426,
グラシアン_キレ笑い大,2400,2400,
グラシアン_ゲス怒り,1900,2426,
グラシアン_ゲス怒り大,2400,2400,
グラシアン_マジギレ,1900,2426,
グラシアン_マジギレ大,2400,2400,
グラシアン_不敵,1900,2426,
グラシアン_不敵大,2400,2400,
グラシアン_仏頂面,1900,2426,
グラシアン_仏頂面大,2400,2400,
グラシアン_体2,1900,2426,
グラシアン_体2大,2400,2400,
グラシアン_体血,1900,2426,
グラシアン_剣,1900,2426,
グラシアン_剣大,2400,2400,
グラシアン_呆れ,1900,2426,
グラシアン_呆れ大,2400,2400,
グラシアン_呆れ開口,1900,2426,
グラシアン_呆れ開口大,2400,2400,
グラシアン_堪える,1900,2426,
グラシアン_堪える大,2400,2400,
グラシアン_怒り,1900,2426,
グラシアン_怒り大,2400,2400,
グラシアン_怒り心頭,1900,2426,
グラシアン_怒り心頭大,2400,2400,
グラシアン_悲しみ,1900,2426,
グラシアン_悲しみ大,2400,2400,
グラシアン_悲しみ横目,1900,2426,
グラシアン_悲しみ横目大,2400,2400,
グラシアン_憎悪,1900,2426,
グラシアン_憎悪喋り,1900,2426,
グラシアン_憎悪喋り大,2400,2400,
グラシアン_憎悪大,2400,2400,
グラシアン_憎悪開口,1900,2426,
グラシアン_憎悪開口大,2400,2400,
グラシアン_普通,1900,2426,
グラシアン_普通大,2400,2400,
グラシアン_笑顔,1900,2426,
グラシアン_笑顔大,2400,2400,
グラシアン_粗野笑い,1900,2426,
グラシアン_粗野笑い大,2400,2400,
グラシアン_粗野笑い瞑目,1900,2426,
グラシアン_粗野笑い瞑目大,2400,2400,
ジェレン_きょとん,1080,2445,
ジェレン_きょとん大,1300,2400,
ジェレン_むぐぐ,1080,2445,
ジェレン_むぐぐ大,1300,2400,
ジェレン_ん？,1080,2445,
ジェレン_ん？大,1300,2400,
ジェレン_ドヤ,1080,2445,
ジェレン_ドヤ大,1300,2400,
ジェレン_不安,1080,2445,
ジェレン_不安大,1300,2400,
ジェレン_不満,1080,2445,
ジェレン_不満大,1300,2400,
ジェレン_不満横目,1080,2445,
ジェレン_不満横目大,1300,2400,
ジェレン_体,1080,2445,
ジェレン_体2,1080,2445,
ジェレン_体2大,1300,2400,
ジェレン_体大,1300,2400,
ジェレン_叫び,1080,2445,
ジェレン_叫び大,1300,2400,
ジェレン_喜び,1080,2445,
ジェレン_喜び2,1080,2445,
ジェレン_喜び2大,1300,2400,
ジェレン_喜び大,1300,2400,
ジェレン_困り笑い,1080,2445,
ジェレン_困り笑い大,1300,2400,
ジェレン_困惑,1080,2445,
ジェレン_困惑大,1300,2400,
ジェレン_微笑,1080,2445,
ジェレン_微笑大,1300,2400,
ジェレン_怒り,1080,2445,
ジェレン_怒り大,1300,2400,
ジェレン_怒り開口,1080,2445,
ジェレン_怒り開口大,1300,2400,
ジェレン_思案,1080,2445,
ジェレン_思案大,1300,2400,
ジェレン_悲しみ,1080,2445,
ジェレン_悲しみ大,1300,2400,
ジェレン_悲しみ強,1080,2445,
ジェレン_悲しみ強大,1300,2400,
ジェレン_悲しみ開口,1080,2445,
ジェレン_悲しみ開口大,1300,2400,
ジェレン_普通,1080,2445,
ジェレン_普通大,1300,2400,
ジェレン_真顔,1080,2445,
ジェレン_真顔大,1300,2400,
ジェレン_笑顔瞑目,1080,2445,
ジェレン_笑顔瞑目大,1300,2195,
ジェレン_笑顔開口,1080,2445,
ジェレン_笑顔開口大,1300,2400,
ジェレン_諦念,1080,2445,
ジェレン_諦念大,1300,2400,
ジェレン_赤面用,1080,2445,
ジェレン_赤面用大,1300,2400,
ジゼル_えー！,1300,2200,
ジゼル_えー！炎,1300,2200,
ジゼル_げー,1300,2200,
ジゼル_げー炎,1300,2200,
ジゼル_じと目呆れ,1300,2200,
ジゼル_じと目怒り,1300,2200,
ジゼル_じと目拗ね,1300,2200,
ジゼル_とろん,1300,2200,
ジゼル_にんまり,1300,2200,
ジゼル_ふにゃり,1300,2200,
ジゼル_ふふーん,1300,2200,
ジゼル_ふふーん2,1300,2200,
ジゼル_ゆるい笑み,1300,2200,
ジゼル_ゆるい笑み炎,1300,2200,
ジゼル_ん？,1300,2200,
ジゼル_ん？炎,1300,2200,
ジゼル_ウインク,1300,2200,
ジゼル_不満,1300,2200,
ジゼル_不満炎,1300,2200,
ジゼル_伏し目怒り,1300,2200,
ジゼル_伏し目怒り炎,1300,2200,
ジゼル_体,1300,2200,
ジゼル_体2,1380,2400,
ジゼル_体2血,1380,2400,
ジゼル_体炎,1300,2200,
ジゼル_俯き不穏,1380,2400,
ジゼル_俯き伺う,1380,2400,
ジゼル_俯き叫び,1380,2400,
ジゼル_俯き困り笑い,1380,2400,
ジゼル_俯き影,1380,2400,
ジゼル_俯き影2,1380,2400,
ジゼル_俯き普通,1380,2400,
ジゼル_俯き柔笑み,1380,2400,
ジゼル_俯き眉間ぎゅ,1380,2400,
ジゼル_俯き笑顔,1380,2400,
ジゼル_俯き苦痛,1380,2400,
ジゼル_俯き逸らし笑い,1380,2400,
ジゼル_動揺,1300,2200,
ジゼル_動揺炎,1300,2200,
ジゼル_喜び,1300,2200,
ジゼル_喜び炎,1300,2200,
ジゼル_困惑,1300,2200,
ジゼル_困惑炎,1300,2200,
ジゼル_大喜び,1300,2200,
ジゼル_大喜び炎,1300,2200,
ジゼル_強張り,1300,2200,
ジゼル_強張り炎,1300,2200,
ジゼル_影,1300,2200,
ジゼル_影2,1300,2200,
ジゼル_影炎用,1300,2200,
ジゼル_怒り,1300,2200,
ジゼル_怒り動揺,1300,2200,
ジゼル_怒り動揺炎,1300,2200,
ジゼル_悲しみ軽め,1300,2200,
ジゼル_悲しみ軽め炎,1300,2200,
ジゼル_悲しみ重め,1300,2200,
ジゼル_悲しみ重め炎,1300,2200,
ジゼル_普通,1300,2200,
ジゼル_普通炎,1300,2200,
ジゼル_横目含み笑い,1300,2200,
ジゼル_沈痛,1300,2200,
ジゼル_沈痛炎,1300,2200,
ジゼル_泳ぎ目,1300,2200,
ジゼル_泳ぎ目炎,1300,2200,
ジゼル_泳ぎ目開口,1300,2200,
ジゼル_泳ぎ目開口炎,1300,2200,
ジゼル_照れ,1300,2200,
ジゼル_照れ逸らし,1300,2200,
ジゼル_苦笑,1300,2200,
ジゼル_苦笑炎,1300,2200,
ジゼル_苦笑照れ,1300,2200,
ジゼル_赤面用,1300,2200,
ジゼル_驚き,1300,2200,
ジゼル_驚き炎,1300,2200,
ジョルジュ_うええ,1440,2160,
ジョルジュ_しらっ,1440,2160,
ジョルジュ_なんだよー,1440,2160,
ジョルジュ_にっこり,1440,2160,
ジョルジュ_はあん？,1440,2160,
ジョルジュ_ショック,1440,2160,
ジョルジュ_フフーン,1440,2160,
ジョルジュ_フフーン2,1440,2160,
ジョルジュ_フフーン3,1440,2160,
ジョルジュ_体,1440,2160,
ジョルジュ_普通,1440,2160,
ジョルジュ_破顔,1440,2160,
ジョルジュ_笑顔,1440,2160,
ジョルジュ_非難,1440,2160,
ディディエ_びっくり,1440,2160,
ディディエ_びっくり開口,1440,2160,
ディディエ_やましさ,1440,2160,
ディディエ_体,1440,2160,
ディディエ_困惑,1440,2160,
ディディエ_当惑開口,1440,2160,
ディディエ_微笑,1440,2160,
ディディエ_微笑開口,1440,2160,
ディディエ_思案,1440,2160,
ディディエ_怪訝,1440,2160,
ディディエ_普通,100,150,
ディディエ_柔和,1440,2160,
ディディエ_狼狽,1440,2160,
ディディエ_真剣,1440,2160,
ディディエ_苦笑,1440,2160,
ディディエ_苦笑開口,1440,2160,
ディディエ_難儀,1440,2160,
ディディエ_難儀開口,1440,2160,
ネリー_右2伏し目,1248,1974,
ネリー_右2悲しみ,1248,1974,
ネリー_右2痛み,1248,1974,
ネリー_右2驚き,1248,1974,
ネリー_右体,1466,1974,
ネリー_右体2,1248,1974,
ネリー_右体薔薇なし,1466,1974,
ネリー_右呆れ,1466,1974,
ネリー_右喜び,1466,1974,
ネリー_右怒り,1466,1974,
ネリー_右悲しみ,1466,1974,
ネリー_右普通,1466,1974,
ネリー_右驚き,1466,1974,
ネリー_幼体,1600,1800,
ネリー_幼怒り,1600,1800,
ネリー_幼悲しみ,1600,1800,
ネリー_幼普通,1600,1800,
ネリー_幼笑顔,1600,1800,
ハビ_右きょとん,1400,2000,
ハビ_右ざまあ,1400,2000,
ハビ_右はあ,1400,2000,
ハビ_右体,1400,2000,
ハビ_右動揺,1400,2000,
ハビ_右喜び,1400,2000,
ハビ_右怒り,1400,2000,
ハビ_右悲しみ,1400,2000,
ハビ_右普通,1400,2000,
ハビ_右楽,1400,2000,
ハビ_右激怒,1400,2000,
バルニエ_にっこり,3000,2261,
バルニエ_にっこり大,3700,2400,
バルニエ_にやり,3000,2261,
バルニエ_にやり大,3700,2400,
バルニエ_グラス,3000,2261,
バルニエ_グラス大,3700,2400,
バルニエ_シニカル開眼,3000,2261,
バルニエ_シニカル開眼大,3700,2400,
バルニエ_体2,3000,2261,
バルニエ_体2大,3700,2400,
バルニエ_威嚇,3000,2261,
バルニエ_威嚇大,3700,2400,
バルニエ_強い怒り,3000,2261,
バルニエ_強い怒り大,3700,2400,
バルニエ_怒り,3000,2261,
バルニエ_怒り大,3700,2400,
バルニエ_怒り笑い,3000,2261,
バルニエ_怒り笑い大,3700,2400,
バルニエ_憂鬱,3000,2261,
バルニエ_憂鬱大,3700,2400,
バルニエ_憂鬱横目,3000,2261,
バルニエ_憂鬱横目大,3700,2400,
バルニエ_普通,3000,2261,
バルニエ_普通大,3700,2400,
バルニエ_沈黙,3000,2261,
バルニエ_沈黙大,3700,2400,
バルニエ_狼狽,3000,2261,
バルニエ_狼狽大,3700,2400,
バルニエ_神妙,3000,2261,
バルニエ_神妙大,3700,2400,
バルニエ_神妙横目,3000,2261,
バルニエ_神妙横目大,3700,2400,
バルニエ_諦観,3000,2261,
バルニエ_諦観大,3700,2400,
ポーリーン_右体,1208,2550,
ポーリーン_右喜び,1208,2550,
ポーリーン_右大喜び,1208,2550,
ポーリーン_右怒り,1208,2550,
ポーリーン_右悲しみ,1208,2550,
ポーリーン_右惑い,1208,2550,
ポーリーン_右普通,1208,2550,
ポーリーン_右楽,1208,2550,
ポーリーン_右苦しみ,1208,2550,
マリーア_右いらだち,1500,2400,
マリーア_右体,1320,2400,
マリーア_右体2,1500,2400,
マリーア_右喜び,1320,2400,
マリーア_右嘲笑,1500,2400,
マリーア_右嘲笑2,1500,2400,
マリーア_右困り,1320,2400,
マリーア_右外道,1500,2400,
マリーア_右怒り,1320,2400,
マリーア_右悲しみ,1320,2400,
マリーア_右惑い,1320,2400,
マリーア_右普通,1320,2400,
マリーア_右本性,1500,2400,
マリーア_右楽,1320,2400,
マリーア_右爆笑,1500,2400,
マリーア_右苦しみ,1320,2400,
ミシェル_うへえ,2000,2400,
ミシェル_うへえ開口,2000,2400,
ミシェル_げえっ,2000,2400,
ミシェル_げえっ炎なし,2000,2400,
ミシェル_げんなり,2000,2400,
ミシェル_はあ,2000,2400,
ミシェル_はあ炎なし,2000,2400,
ミシェル_びっくり,2000,2400,
ミシェル_びっくり炎なし,2000,2400,
ミシェル_わるいかお,2000,2400,
ミシェル_わるいかお炎なし,2000,2400,
ミシェル_ムッ,2000,2400,
ミシェル_ムッ炎なし,2000,2400,
ミシェル_体,2000,2400,
ミシェル_体2,3200,2714,
ミシェル_体2用きまずい,3200,2714,
ミシェル_体2用きまずい2,3200,2714,
ミシェル_体2用ぐぎぎ,3200,2714,
ミシェル_体2用ウッ,3200,2714,
ミシェル_体2用困り,3200,2714,
ミシェル_体2用大人しめ怒り,3200,2714,
ミシェル_体2用怒り,3200,2714,
ミシェル_体2用真顔,3200,2714,
ミシェル_体炎なし,2000,2400,
ミシェル_動揺,2000,2400,
ミシェル_動揺炎なし,2000,2400,
ミシェル_叫び,2000,2400,
ミシェル_叫び炎なし,2000,2400,
ミシェル_呆れ,2000,2400,
ミシェル_呆れ炎なし,2000,2400,
ミシェル_困惑,2000,2400,
ミシェル_困惑炎なし,2000,2400,
ミシェル_嫌気,2000,2400,
ミシェル_嫌気炎なし,2000,2400,
ミシェル_微笑み,2000,2400,
ミシェル_微笑み炎なし,2000,2400,
ミシェル_微苦笑炎なし,2000,2400,
ミシェル_怒り,2000,2400,
ミシェル_怒り2,2000,2400,
ミシェル_怒り2炎なし,2000,2400,
ミシェル_怒り炎なし,2000,2400,
ミシェル_悲しみ,2000,2400,
ミシェル_悲しみ炎なし,2000,2400,
ミシェル_戸惑い,2000,2400,
ミシェル_戸惑い炎なし,2000,2400,
ミシェル_普通,2000,2400,
ミシェル_普通炎なし,2000,2400,
ミシェル_横目,2000,2400,
ミシェル_横目炎なし,2000,2400,
ミシェル_瞑目,2000,2400,
ミシェル_瞑目炎なし,2000,2400,
ミシェル_笑顔,2000,2400,
ミシェル_苦悩,2000,2400,
ミシェル_薄目,2000,2400,
ミシェル_薄目炎なし,2000,2400,
メル_右2困惑,1844,2000,
メル_右2怒り,1844,2000,
メル_右2悲しみ,1844,2000,
メル_右2普通,1844,2000,
メル_右体,1600,2000,
メル_右体2,1844,2000,
メル_右喜び,1600,2000,
メル_右困り,1600,2000,
メル_右困り2,1600,2000,
メル_右困り笑い,1600,2000,
メル_右幼体,1444,2166,
メル_右幼喜び,1444,2166,
メル_右幼微笑,1444,2166,
メル_右幼普通,1444,2166,
メル_右幼読書,1444,2166,
メル_右幼驚き,1444,2166,
メル_右怒り,1600,2000,
メル_右悲しみ,1600,2000,
メル_右普通,1600,2000,
メル_右真面目,1600,2000,
モルガーナ_いらつき,3250,2800,
モルガーナ_にたり,3250,2800,
モルガーナ_にやり,3250,2800,
モルガーナ_ふてくされ,3250,2800,
モルガーナ_叫び,3250,2800,
モルガーナ_困惑,3250,2800,
モルガーナ_幻想いらつき,1000,2000,
モルガーナ_幻想いらつき大,1200,1901,
モルガーナ_幻想にたり,1000,2000,
モルガーナ_幻想にたり大,1200,1901,
モルガーナ_幻想にやり,1000,2000,
モルガーナ_幻想にやり大,1200,1901,
モルガーナ_幻想ふてくされ,1000,2000,
モルガーナ_幻想体,1000,2000,
モルガーナ_幻想体大,1200,1901,
モルガーナ_幻想困惑,1000,2000,
モルガーナ_幻想困惑大,1200,1901,
モルガーナ_幻想強い思案,1000,2000,
モルガーナ_幻想強い思案大,1200,1901,
モルガーナ_幻想微笑み,1000,2000,
モルガーナ_幻想微笑み強,1000,2000,
モルガーナ_幻想微笑み強大,1200,1901,
モルガーナ_幻想怒り,1000,2000,
モルガーナ_幻想思案,1000,2000,
モルガーナ_幻想思案大,1200,1901,
モルガーナ_幻想悲しみ,1000,2000,
モルガーナ_幻想悲しみ2,1000,2000,
モルガーナ_幻想悲しみ2大,1200,1901,
モルガーナ_幻想悲しみ大,1200,1901,
モルガーナ_幻想普通,1000,2000,
モルガーナ_幻想普通大,1200,1901,
モルガーナ_幻想横目,1000,2000,
モルガーナ_強い思案,3250,2800,
モルガーナ_微笑み,3250,2800,
モルガーナ_怒り,3250,2800,
モルガーナ_思案,3250,2800,
モルガーナ_普通,3250,2800,
モルガーナ_横目,3250,2800,
モルガーナ_生前胴体,3250,2800,
モルガーナ_生前胴体大,1200,3294,
モルガーナ_腕上げ,3250,2800,
モルガーナ_腕上げ2,3250,2800,
モルガーナ_腕下げ,3250,2800,
モルガーナ_邪悪にたり,3250,2800,
モルガーナ_邪悪にやり,3250,2800,
モルガーナ_邪悪凶悪な笑み,3250,2800,
モルガーナ_邪悪叫び,3250,2800,
モルガーナ_邪悪微笑,3250,2800,
モルガーナ_邪悪微笑み大,1200,3294,
モルガーナ_邪悪普通,3250,2800,
モルガーナ_邪悪普通大,1200,3294,
モルガーナ_邪悪笑み,3250,2800,
モルガーナ_邪悪腕上げ,3250,2800,
モルガーナ_邪悪腕上げ2,3250,2800,
モルガーナ_邪悪腕下げ,3250,2800,
ヤコポ_右体,1720,2830,
ヤコポ_右体2,1700,2664,
ヤコポ_右体3,1700,2664,
ヤコポ_右呆れ,1720,2830,
ヤコポ_右喜び,1720,2830,
ヤコポ_右嘲笑,1720,2830,
ヤコポ_右怒り,1720,2830,
ヤコポ_右怒り2,1720,2830,
ヤコポ_右悲しみ,1720,2830,
ヤコポ_右悲しみ2,1720,2830,
ヤコポ_右普通,1720,2830,
ヤコポ_右楽,1720,2830,
ヤコポ_右沈鬱,1700,2664,
ヤコポ_右沈黙,1700,2664,
ヤコポ_右苦痛,1700,2664,
ヤコポ_右葛藤,1700,2664,
ユキマサ_右体,1200,3168,
ユキマサ_右喜び,1200,3168,
ユキマサ_右微笑,1200,3168,
ユキマサ_右怒り,1200,3168,
ユキマサ_右悲しみ,1200,3168,
ユキマサ_右惑い,1200,3168,
ユキマサ_右普通,1200,3168,
ユキマサ_右楽,1200,3168,
ユキマサ_右苦悶,1200,3168,
三章白髪_右きょとん,1346,2109,
三章白髪_右体,1346,2109,
三章白髪_右喜び,1346,2109,
三章白髪_右困り,1346,2109,
三章白髪_右怒り,1346,2109,
三章白髪_右悲しみ,1346,2109,
三章白髪_右悲しみ２,1346,2109,
三章白髪_右明るい,1346,2109,
三章白髪_右普通,1346,2109,
三章白髪_右楽,1346,2109,
三章白髪_右無気力,1346,2109,
二章白髪_右体,1680,2996,
二章白髪_右体2,1680,2996,
二章白髪_右喜び,1680,2996,
二章白髪_右怒り,1680,2996,
二章白髪_右悲しみ,1680,2996,
二章白髪_右普通,1680,2996,
二章白髪_右楽,1680,2996,
二章白髪_右苦しみ,1680,2996,
大人ミシェル_ざまあ,1440,2160,
大人ミシェル_わるいかお,1440,2160,
大人ミシェル_体,1440,2160,
大人ミシェル_叫び笑い,1440,2160,
大人ミシェル_吐き捨て,1440,2160,
大人ミシェル_怒り,1440,2160,
大人ミシェル_怒り笑い,1440,2160,
大人ミシェル_悲しみ,1440,2160,
大人ミシェル_普通,1440,2160,
大人ミシェル_横目,1440,2160,
大人ミシェル_沈痛,1440,2160,
大人ミシェル_激昂,1440,2160,
大人ミシェル_狼狽,1440,2160,
大人ミシェル_皮肉,1440,2160,
大人ミシェル_睨み,1440,2160,
大人ミシェル_瞑目,1440,2160,
大人ミシェル_自虐,1440,2160,
大人ミシェル_苦しみ,1440,2160,
大人ミシェル_苦痛,1440,2160,
大人ミシェル_裸体,1440,2160,
大人ミシェル_諦念,1440,2160,
女中_もっと焦り2,2100,2400,
女中_ジゼル系不安,2100,2400,
女中_ジゼル系微笑み,2100,2400,
女中_ジゼル系悲しみ中,2100,2400,
女中_ジゼル系悲しみ叫び,2100,2400,
女中_ジゼル系悲しみ軽め,2100,2400,
女中_ジゼル系悲しみ重め,2100,2400,
女中_ジゼル系拗ね,2100,2400,
女中_ジゼル系拗ね2,2100,2400,
女中_ジゼル系泣き笑い,2100,2400,
女中_ジゼル系苦悶,2100,2400,
女中_ジゼル系苦悶強,2100,2400,
女中_体,2100,2400,
女中_体2,2100,2400,
女中_喜び,2100,2400,
女中_喜び2,2100,2400,
女中_困惑2,2100,2400,
女中_悲しみ,2100,2400,
女中_悲しみ2,2100,2400,
女中_悲痛2,2100,2400,
女中_戸惑い,2100,2400,
女中_戸惑い2,2100,2400,
女中_普通,2100,2400,
女中_普通2,2100,2400,
女中_焦り2,2100,2400,
女中_驚き,2100,2400,
女中_驚き2,2100,2400,
女中回想_右ジゼルしりごみ,1726,3600,
女中回想_右ジゼルふくれっつ,1726,3600,
女中回想_右ジゼル不満,1726,3600,
女中回想_右ジゼル困惑,1726,3600,
女中回想_右ジゼル困惑開口,1726,3600,
女中回想_右ジゼル普通,1726,3600,
女中回想_右ジゼル驚き,1726,3600,
女中回想_右体,1726,3600,
女中回想_右喜び,1726,3600,
女中回想_右怒り,1726,3600,
女中回想_右悲しみ,1726,3600,
女中回想_右悲しみ2,1726,3600,
女中回想_右普通,1726,3600,
女中回想_右楽,1726,3600,
女中回想_右苦悩,1726,3600,
幼ミシェル_ぐぎぎ,1440,2160,
幼ミシェル_はあ？,1440,2160,
幼ミシェル_ショック,1440,2160,
幼ミシェル_マジギレ,1440,2160,
幼ミシェル_不機嫌,1440,2160,
幼ミシェル_不機嫌上目,1440,2160,
幼ミシェル_不機嫌開口,1440,2160,
幼ミシェル_体,1440,2160,
幼ミシェル_困り,1440,2160,
幼ミシェル_困り逸らし,1440,2160,
幼ミシェル_困り逸らし開口,1440,2160,
幼ミシェル_微笑,1440,2160,
幼ミシェル_怒り,1440,2160,
幼ミシェル_怒号,1440,2160,
幼ミシェル_思案,1440,2160,
幼ミシェル_悔しい,1440,2160,
幼ミシェル_悲しみ,1440,2160,
幼ミシェル_我慢,1440,2160,
幼ミシェル_殺意,1440,2160,
幼ミシェル_沈痛,1440,2160,
幼ミシェル_沈痛閉口,1440,2160,
幼ミシェル_笑顔,1440,2160,
幼ミシェル_驚き,1440,2160,
幼モルガーナ_ふてくされ大,2000,2000,
幼モルガーナ_不服大,2000,2000,
幼モルガーナ_体,1600,1756,
幼モルガーナ_体2,1600,1756,
幼モルガーナ_体2大,2000,2000,
幼モルガーナ_体大,2000,2000,
幼モルガーナ_左を見る大,2000,2000,
幼モルガーナ_強い思案大,2000,2000,
幼モルガーナ_悲しみ大,2000,2000,
幼モルガーナ_楽,1600,1756,
幼モルガーナ_楽大,2000,2000,
幼モルガーナ_爛れにたり,1600,1756,
幼モルガーナ_爛れにやり,1600,1756,
幼モルガーナ_爛れにやり大,2000,2000,
幼モルガーナ_爛れふてくされ,1600,1756,
幼モルガーナ_爛れふてくされ大,2000,2000,
幼モルガーナ_爛れ不服,1600,1756,
幼モルガーナ_爛れ不服大,2000,2000,
幼モルガーナ_爛れ半目,1600,1756,
幼モルガーナ_爛れ半目大,2000,2000,
幼モルガーナ_爛れ右を見る,1600,1756,
幼モルガーナ_爛れ右を見る大,2000,2000,
幼モルガーナ_爛れ左を見る,1600,1756,
幼モルガーナ_爛れ左を見る大,2000,2000,
幼モルガーナ_爛れ左睨み,1600,1756,
幼モルガーナ_爛れ左睨み大,2000,2000,
幼モルガーナ_爛れ強い思案,1600,1756,
幼モルガーナ_爛れ強い思案大,2000,2000,
幼モルガーナ_爛れ怒り,1600,1756,
幼モルガーナ_爛れ怒り大,2000,2000,
幼モルガーナ_爛れ思案,1600,1756,
幼モルガーナ_爛れ悲しみ,1600,1756,
幼モルガーナ_爛れ悲しみ大,2000,2000,
幼モルガーナ_爛れ楽,1600,1756,
幼モルガーナ_爛れ楽大,2000,2000,
幼モルガーナ_爛れ激怒,1600,1756,
幼モルガーナ_爛れ激怒大,2000,2000,
幼モルガーナ_爛れ笑顔,1600,1756,
幼モルガーナ_爛れ絶叫,1600,1756,
幼モルガーナ_爛れ絶叫大,2000,2000,
幼モルガーナ_爛れ驚き,1600,1756,
幼モルガーナ_爛れ驚き大,2000,2000,
幼モルガーナ_笑顔,1600,1756,
幼モルガーナ_笑顔大,2000,2000,
幼モルガーナ_驚き,1600,1756,
幼モルガーナ_驚き大,2000,2000,
狂気_幸正,3840,3750,
獣_右2にやり,1800,3168,
獣_右2動揺,1800,3168,
獣_右2怒り,1800,3168,
獣_右2狂気,1800,3168,
獣_右2落ち着き,1800,3168,
獣_右3唸り,2200,2260,
獣_右3怒り,2200,2260,
獣_右3恐怖,2200,2260,
獣_右3普通,2200,2260,
獣_右3睨み,2200,2260,
獣_右体,2300,3008,
獣_右体2,1800,3168,
獣_右体3,2200,2260,
獣2_右体,2300,3008,
現代ジゼル_ドヤ,1500,2269,
現代ジゼル_ドヤ大,1960,2400,
現代ジゼル_体,1500,2269,
現代ジゼル_体大,1960,2400,
現代ジゼル_困り笑い,1500,2269,
現代ジゼル_困り笑い大,1960,2400,
現代ジゼル_困惑,1500,2269,
現代ジゼル_困惑大,1960,2400,
現代ジゼル_怒り,1500,2269,
現代ジゼル_怒り大,1960,2400,
現代ジゼル_怒り目逸らし,1500,2269,
現代ジゼル_怒り目逸らし大,1960,2400,
現代ジゼル_怒り開口,1500,2269,
現代ジゼル_怒り開口大,1960,2400,
現代ジゼル_悲しみ目逸らし,1500,2269,
現代ジゼル_悲しみ目逸らし大,1960,2400,
現代ジゼル_悲しみ瞑目,1500,2269,
現代ジゼル_悲しみ瞑目大,1960,2400,
現代ジゼル_普通,1500,2269,
現代ジゼル_普通大,1960,2400,
現代ジゼル_真剣,1500,2269,
現代ジゼル_真剣大,1960,2400,
現代ジゼル_笑顔ウィンク,1500,2269,
現代ジゼル_笑顔ウィンク大,1960,2400,
現代ジゼル_笑顔瞑目,1500,2269,
現代ジゼル_笑顔瞑目大,1960,2400,
現代ジゼル_笑顔閉口,1500,2269,
現代ジゼル_笑顔閉口大,1960,2400,
現代ジゼル_笑顔開口,1500,2269,
現代ジゼル_笑顔開口大,1960,2400,
現代ジゼル_赤面用,1500,2269,
現代ジゼル_赤面用大,1960,2400,
現代ジゼル_驚き,1500,2269,
現代ジゼル_驚き大,1960,2400,
現代ミシェル_うへえ,1300,2524,
現代ミシェル_うへえ大,1620,2400,
現代ミシェル_うへえ開口,1300,2524,
現代ミシェル_うへえ開口大,1620,2400,
現代ミシェル_うへえ開口正面,1300,2524,
現代ミシェル_うへえ開口正面大,1620,2400,
現代ミシェル_びっくり,1300,2524,
現代ミシェル_びっくり大,1620,2400,
現代ミシェル_不機嫌,1300,2524,
現代ミシェル_不機嫌大,1620,2400,
現代ミシェル_体,1300,2524,
現代ミシェル_体大,1620,2400,
現代ミシェル_困惑,1300,2524,
現代ミシェル_困惑大,1620,2400,
現代ミシェル_嫌気,1300,2524,
現代ミシェル_嫌気大,1620,2400,
現代ミシェル_引きつり笑顔,1300,2524,
現代ミシェル_引きつり笑顔大,1620,2400,
現代ミシェル_微笑,1300,2524,
現代ミシェル_微笑大,1620,2400,
現代ミシェル_微苦笑,1300,2524,
現代ミシェル_微苦笑大,1620,2400,
現代ミシェル_怒り,1300,2524,
現代ミシェル_怒り大,1620,2400,
現代ミシェル_怒り開口,1300,2524,
現代ミシェル_怒り開口大,1620,2400,
現代ミシェル_怒号,1300,2524,
現代ミシェル_怒号大,1620,2400,
現代ミシェル_思案,1300,2524,
現代ミシェル_思案大,1620,2400,
現代ミシェル_悲しみ,1300,2524,
現代ミシェル_悲しみ2,1300,2524,
現代ミシェル_悲しみ2大,1620,2400,
現代ミシェル_悲しみ大,1620,2400,
現代ミシェル_憮然,1300,2524,
現代ミシェル_憮然大,1620,2400,
現代ミシェル_戸惑い,1300,2524,
現代ミシェル_戸惑い大,1620,2400,
現代ミシェル_普通,1300,2524,
現代ミシェル_普通大,1620,2400,
現代ミシェル_瞑目,1300,2524,
現代ミシェル_瞑目大,1620,2400,
現代ミシェル_笑顔,1300,2524,
現代ミシェル_笑顔大,1620,2400,
現代ミシェル_笑顔幸せ,1300,2524,
現代ミシェル_笑顔幸せ大,1620,2400,
現代ミシェル_苦悩,1300,2524,
現代ミシェル_苦悩大,1620,2400,
現代ミシェル_視線左,1300,2524,
現代ミシェル_視線左大,1620,2400,
白髪_右体ドレス,1426,2000,
白髪_右体ドレス2,1426,2000,
白髪_右体ドレス俯き,1426,2000,
白髪_右体ドレス俯き2,1426,2000,
白髪_右体ドレス驚き,1426,2000,
白髪_右体ボロ,1426,2000,
白髪_右体ボロ俯き2,1426,2000,
白髪_右体ボロ驚き,1426,2000,
白髪_右体メイド,1426,2000,
白髪_右体メイド2,1426,2000,
白髪_右体メイド俯き,1426,2000,
白髪_右体メイド俯き2,1426,2000,
白髪_右体メイド驚き,1426,2000,
白髪_右喜び,1426,2000,
白髪_右喜び伏し目,1426,2000,
白髪_右微笑,1426,2000,
白髪_右怒り,1426,2000,
白髪_右怒りボロ用,1426,2000,
若ヤコポ_ニヒル,1700,2398,
若ヤコポ_ニヒル2,1700,2398,
若ヤコポ_ニヒル2大,2040,2400,
若ヤコポ_ニヒル大,2040,2400,
若ヤコポ_体,1700,2398,
若ヤコポ_体大,2040,2400,
若ヤコポ_体血,1700,2398,
若ヤコポ_呆れ,1700,2398,
若ヤコポ_呆れ大,2040,2400,
若ヤコポ_呆れ横目,1700,2398,
若ヤコポ_呆れ横目大,2040,2400,
若ヤコポ_嘲笑,1700,2398,
若ヤコポ_嘲笑大,2040,2400,
若ヤコポ_怒り,1700,2398,
若ヤコポ_怒り大,2040,2400,
若ヤコポ_怒り開口,1700,2398,
若ヤコポ_怒り開口大,2040,2400,
若ヤコポ_思惟,1700,2398,
若ヤコポ_思惟大,2040,2400,
若ヤコポ_悲しみ,1700,2398,
若ヤコポ_悲しみ大,2040,2400,
若ヤコポ_普通,1700,2398,
若ヤコポ_暗い笑み,1700,2398,
若ヤコポ_暗い笑み2,1700,2398,
若ヤコポ_暗い笑み2大,2040,2400,
若ヤコポ_暗い笑み大,2040,2400,
若ヤコポ_楽,1700,2398,
若ヤコポ_楽大,2040,2400,
若ヤコポ_殺意,1700,2398,
若ヤコポ_殺意大,2040,2400,
若ヤコポ_沈黙,1700,2398,
若ヤコポ_沈黙大,2040,2400,
若ヤコポ_真顔,1700,2398,
若ヤコポ_真顔大,2040,2400,
若ヤコポ_真顔開口,1700,2398,
若ヤコポ_真顔開口大,2040,2400,
若ヤコポ_笑顔,1700,2398,
若ヤコポ_笑顔切なげ,1700,2398,
若ヤコポ_笑顔切なげ大,2040,2400,
若ヤコポ_笑顔大,2040,2400,
若ヤコポ_絶叫,1700,2398,
若ヤコポ_絶叫大,2040,2400,
若ヤコポ_苛立ち,1700,2398,
若ヤコポ_苛立ち大,2040,2400,
若ヤコポ_苛立ち横目,1700,2398,
若ヤコポ_苛立ち横目大,2040,2400,
若ヤコポ_苦虫,1700,2398,
若ヤコポ_苦虫大,2040,2400,
若ヤコポ_負け犬,1700,2398,
若ヤコポ_負け犬大,2040,2400,
過去ネリー_不安,1080,1821,
過去ネリー_体,1080,1821,
過去ネリー_呆れ,1080,1821,
過去ネリー_呆れ半目,1080,1821,
過去ネリー_呆れ怒り,1080,1821,
過去ネリー_哀しみ,1080,1821,
過去ネリー_哀しみ瞑目,1080,1821,
過去ネリー_哀しみ閉口,1080,1821,
過去ネリー_得意げ,1080,1821,
過去ネリー_惚け,1080,1821,
過去ネリー_拗ねる,1080,1821,
過去ネリー_拗ねる半目,1080,1821,
過去ネリー_普通,1080,1821,
過去ネリー_笑顔,1080,1821,
過去ネリー_笑顔瞑目,1080,1821,
過去ネリー_驚き,1080,1821,
過去ポーリーン_しょげる,1200,2048,
過去ポーリーン_しょげる大,1500,2166,
過去ポーリーン_ドヤ,1200,2048,
過去ポーリーン_ドヤ大,1500,2166,
過去ポーリーン_体,1200,2048,
過去ポーリーン_体大,1500,2166,
過去ポーリーン_叱る,1200,2048,
過去ポーリーン_叱る大,1500,2166,
過去ポーリーン_哀しみ,1200,2048,
過去ポーリーン_哀しみ大,1500,2166,
過去ポーリーン_哀しみ開口,1200,2048,
過去ポーリーン_哀しみ開口大,1500,2166,
過去ポーリーン_困り,1200,2048,
過去ポーリーン_困り大,1500,2166,
過去ポーリーン_困り開口,1200,2048,
過去ポーリーン_困り開口大,1500,2166,
過去ポーリーン_微笑,1200,2048,
過去ポーリーン_微笑大,1500,2166,
過去ポーリーン_微苦笑,1200,2048,
過去ポーリーン_微苦笑大,1500,2166,
過去ポーリーン_怒り,1200,2048,
過去ポーリーン_怒り大,1500,2166,
過去ポーリーン_普通,1200,2048,
過去ポーリーン_普通大,1500,2166,
過去ポーリーン_物憂げ,1200,2048,
過去ポーリーン_物憂げ大,1500,2166,
過去ポーリーン_窘め,1200,2048,
過去ポーリーン_窘め大,1500,2166,
過去ポーリーン_笑顔,1200,2048,
過去ポーリーン_笑顔大,1500,2166,
過去ポーリーン_笑顔開口,1200,2048,
過去ポーリーン_笑顔開口大,1500,2166,
過去マリーア_ウィンク,1240,2155,
過去マリーア_ウィンク大,1520,2400,
過去マリーア_体,1240,2155,
過去マリーア_体大,1520,2400,
過去マリーア_半目,1240,2155,
過去マリーア_半目大,1520,2400,
過去マリーア_困惑,1240,2155,
過去マリーア_困惑大,1520,2400,
過去マリーア_困惑横目,1240,2155,
過去マリーア_困惑横目大,1520,2400,
過去マリーア_嫌み,1240,2155,
過去マリーア_嫌み大,1520,2400,
過去マリーア_得意げ,1240,2155,
過去マリーア_得意げ大,1520,2400,
過去マリーア_怒り,1240,2155,
過去マリーア_怒り右,1240,2155,
過去マリーア_怒り右大,1520,2400,
過去マリーア_怒り大,1520,2400,
過去マリーア_怒り開口,1240,2155,
過去マリーア_怒り開口大,1520,2400,
過去マリーア_怒号,1240,2155,
過去マリーア_怒号右,1240,2155,
過去マリーア_怒号右大,1520,2400,
過去マリーア_怒号大,1520,2400,
過去マリーア_思惟,1240,2155,
過去マリーア_思惟大,1520,2400,
過去マリーア_悲しみ,1240,2155,
過去マリーア_悲しみ2,1240,2155,
過去マリーア_悲しみ2大,1520,2400,
過去マリーア_悲しみ大,1520,2400,
過去マリーア_悲しみ瞑目,1240,2155,
過去マリーア_悲しみ瞑目大,1520,2400,
過去マリーア_普通,1240,2155,
過去マリーア_普通大,1520,2400,
過去マリーア_普通開口,1240,2155,
過去マリーア_普通開口大,1520,2400,
過去マリーア_笑顔,1240,2155,
過去マリーア_笑顔大,1520,2400,
過去マリーア_笑顔開口,1240,2155,
過去マリーア_笑顔開口大,1520,2400,
過去マリーア_蔑視,1240,2155,
過去マリーア_蔑視大,1520,2400,
過去マリーア_諦念,1240,2155,
過去マリーア_諦念大,1520,2400,
過去マリーア_驚き,1240,2155,
過去マリーア_驚き大,1520,2400,
過去メル_亡霊,1240,2105,
過去メル_体,1240,2105,
過去メル_体大,1540,2400,
過去メル_半目,1240,2105,
過去メル_半目大,1540,2400,
過去メル_哀しみ,1240,2105,
過去メル_哀しみ2,1240,2105,
過去メル_哀しみ2大,1540,2400,
過去メル_哀しみ大,1540,2400,
過去メル_哀しみ開口,1240,2105,
過去メル_哀しみ開口大,1540,2400,
過去メル_困り右,1240,2105,
過去メル_困り右大,1540,2400,
過去メル_困り左,1240,2105,
過去メル_困り左大,1540,2400,
過去メル_困り笑い,1240,2105,
過去メル_困り笑い大,1540,2400,
過去メル_怒り,1240,2105,
過去メル_怒り2,1240,2105,
過去メル_怒り2大,1540,2400,
過去メル_怒り大,1540,2400,
過去メル_怒り開口,1240,2105,
過去メル_怒り開口2,1240,2105,
過去メル_怒り開口2大,1540,2400,
過去メル_怒り開口大,1540,2400,
過去メル_普通,1240,2105,
過去メル_普通大,1540,2400,
過去メル_皮肉,1240,2105,
過去メル_皮肉大,1540,2400,
過去メル_笑顔,1240,2105,
過去メル_笑顔大,1540,2400,
過去メル_苦痛,1240,2105,
過去メル_苦痛大,1540,2400,
過去メル_警戒,1240,2105,
過去メル_警戒大,1540,2400,
過去ヤコポ_おどける,1100,2155,
過去ヤコポ_バルニエぼかし,2334,2600,
過去ヤコポ_亡霊,1100,2155,
過去ヤコポ_体,1100,2155,
過去ヤコポ_体ぼかし,1442,2800,
過去ヤコポ_体大,1330,2400,
過去ヤコポ_呆れ,1100,2155,
過去ヤコポ_呆れ大,1330,2400,
過去ヤコポ_哀しみ,1100,2155,
過去ヤコポ_哀しみ大,1330,2400,
過去ヤコポ_哀しみ弱り,1100,2155,
過去ヤコポ_哀しみ弱り大,1330,2400,
過去ヤコポ_哀しみ開口,1100,2155,
過去ヤコポ_嘲笑,1100,2155,
過去ヤコポ_嘲笑大,1330,2400,
過去ヤコポ_小馬鹿,1100,2155,
過去ヤコポ_小馬鹿大,1330,2400,
過去ヤコポ_怒り,1100,2155,
過去ヤコポ_怒号,1100,2155,
過去ヤコポ_怒号大,1330,2400,
過去ヤコポ_思惟,1100,2155,
過去ヤコポ_思惟大,1330,2400,
過去ヤコポ_普通,1100,2155,
過去ヤコポ_普通大,1330,2400,
過去ヤコポ_殺意,1100,2155,
過去ヤコポ_沈黙,1100,2155,
過去ヤコポ_沈黙大,1330,2400,
過去ヤコポ_真顔,1100,2155,
過去ヤコポ_真顔大,1330,2400,
過去ヤコポ_笑顔,1100,2155,
過去ヤコポ_笑顔切なげ,1100,2155,
過去ヤコポ_笑顔切なげ大,1330,2400,
過去ヤコポ_笑顔大,1330,2400,
過去ヤコポ_笑顔自棄,1100,2155,
過去ヤコポ_笑顔自棄大,1330,2400,
過去ヤコポ_絶叫,1100,2155,
過去ヤコポ_絶叫大,1330,2400,
過去ヤコポ_苛立ち,1100,2155,
過去ヤコポ_苛立ち大,1330,2400,
過去ヤコポ_苛立ち横目,1100,2155,
過去ヤコポ_苛立ち横目大,1330,2400,
過去ヤコポ_青年いらつき,1100,2155,
過去ヤコポ_青年いらつき大,1330,2400,
過去ヤコポ_青年不安,1100,2155,
過去ヤコポ_青年不安大,1330,2400,
過去ヤコポ_青年悲しみ,1100,2155,
過去ヤコポ_青年悲しみ大,1330,2400,
過去ヤコポ_青年普通,1100,2155,
過去ヤコポ_青年普通大,1330,2400,
過去ヤコポ_青年沈黙,1100,2155,
過去ヤコポ_青年沈黙大,1330,2400,
過去ヤコポ_青年笑顔,1100,2155,
過去ヤコポ_青年笑顔大,1330,2400,
過去ヤコポ_青年苦虫,1100,2155,
過去ヤコポ_青年苦虫大,1330,2400,
過去ユキマサ_亡霊,1680,2278,
過去ユキマサ_体,1680,2278,
過去ユキマサ_体ぼかし,2000,2600,
過去ユキマサ_体大,2100,2400,
過去ユキマサ_叫び,1680,2278,
過去ユキマサ_叫び大,2100,2400,
過去ユキマサ_哀しみ横目,1680,2278,
過去ユキマサ_哀しみ横目大,2100,2400,
過去ユキマサ_哀しみ正面,1680,2278,
過去ユキマサ_哀しみ正面大,2100,2400,
過去ユキマサ_威嚇,1680,2278,
過去ユキマサ_威嚇大,2100,2400,
過去ユキマサ_怒り,1680,2278,
過去ユキマサ_怒り大,2100,2400,
過去ユキマサ_悪党,1680,2278,
過去ユキマサ_悪党大,2100,2400,
過去ユキマサ_普通,1680,2278,
過去ユキマサ_普通大,2100,2400,
過去ユキマサ_普通横目,1680,2278,
過去ユキマサ_普通横目大,2100,2400,
過去ユキマサ_狂喜,1680,2278,
過去ユキマサ_狂喜大,2100,2400,
過去ユキマサ_笑顔,1680,2278,
過去ユキマサ_笑顔大,2100,2400,
過去ユキマサ_苦悩,1680,2278,
過去ユキマサ_苦悩大,2100,2400,
過去ユキマサ_警戒,1680,2278,
過去ユキマサ_警戒大,2100,2400,
過去ユキマサ_驚愕,1680,2278,
過去ユキマサ_驚愕大,2100,2400,
